Name,Surname,E-mail
B,e
A,x
R,a
O,m
N,p
E,l
 ,e
N,@
I,e
C,m
O,a
L,i
A,l
S,.

,c
B,o
E,m
L,

L,e
A,x
M,a
O,m
L,p
I,l
 ,e
R,@
I,e
C,m
C,a
A,i
R,l
D,.
O,c

,o
C,m
A,

S,e
T,x
A,a
G,m
N,p
E,l
D,e
I,@
 ,e
D,m
A,a
V,i
I,l
D,.
E,c

,o
C,m
A,

S,e
T,x
E,a
L,m
L,p
A,l
N,e
I,@
 ,e
D,m
A,a
V,i
I,l
D,.
E,c

,o
C,m
I,

A,e
N,x
C,a
E,m
T,p
T,l
A,e
 ,@
T,e
H,m
O,a
M,i
A,l
S,.

,c
D,o
E,m
 ,

B,e
A,x
T,a
T,m
I,p
S,l
T,e
I,@
 ,e
T,m
O,a
M,i
M,l
A,.
S,c
O,o

,m
F,

A,e
L,x
S,a
A,m
R,p
O,l
L,e
O,@
 ,e
L,m
E,a
O,i
N,l
A,.
R,c
D,o
O,m

,

F,e
A,x
S,a
O,m
L,p
I,l
 ,e
S,@
I,e
M,m
O,a
N,i
E,l

,.
F,c
O,o
R,m
O,

N,e
C,x
E,a
L,m
L,p
I,l
 ,e
C,@
L,e
A,m
U,a
D,i
I,l
O,.

,c
G,o
I,m
A,

C,e
O,x
M,a
I,m
 ,p
F,l
R,e
A,@
N,e
C,m
E,a
S,i
C,l
O,.
 ,c
M,o
A,m
R,

I,e
A,x

,a
G,m
R,p
I,l
G,e
O,@
R,e
 ,m
C,a
O,i
R,l
N,.
E,c
L,o

,m
K,

A,e
U,x
R,a
 ,m
M,p
U,l
S,e
K,@
A,e
N,m

,a
K,i
A,l
U,.
R,c
 ,o
R,m
I,

T,e
I,x
K,a
A,m

,p
L,l
A,e
B,@
R,e
A,m
C,a
H,i
 ,l
Y,.
O,c
U,o
N,m
E,

S,e
S,x

,a
M,m
O,p
R,l
A,e
R,@
I,e
 ,m
M,a
A,i
R,l
I,.
N,c

,o
M,m
O,

R,e
E,x
L,a
L,m
A,p
T,l
O,e
 ,@
P,e
I,m
E,a
T,i
R,l
O,.

,c
P,o
A,m
V,

O,e
N,x
I,a
 ,m
A,p
L,l
B,e
E,@
R,e
T,m
O,a

,i
P,l
E,.
R,c
L,o
I,m
N,

I,e
 ,x
T,a
O,m
M,p
M,l
A,e
S,@
O,e

,m
P,a
I,i
C,l
O,.
T,c
T,o
I,m
N,

I,e
 ,x
F,a
I,m
L,p
I,l
P,e
P,@
O,e

,m
P,a
O,i
I,l
A,.
T,c
A,o
 ,m
A,

N,e
D,x
R,a
I,m
A,p
N,l

,e
P,@
O,e
R,m
T,a
A,i
 ,l
N,.
I,c
C,o
C,m
O,

L,e
O,x
',a

,m
S,p
A,l
B,e
A,@
I,e
N,m
I,a
 ,i
C,l
H,.
I,c
A,o
R,m
A,


,e
S,x
C,a
A,m
M,p
P,l
E,e
R,@
L,e
E,m
 ,a
M,i
A,l
T,.
T,c
I,o
A,m

,

S,e
I,x
N,a
I,m
S,p
C,l
A,e
L,@
C,e
H,m
I,a
 ,i
D,l
A,.
N,c
I,o
E,m
L,

E,e

,x
S,a
O,m
R,p
R,l
E,e
N,@
T,e
I,m
N,a
O,i
 ,l
G,.
A,c
B,o
R,m
I,

E,e
L,x
E,a

,m
S,p
P,l
A,e
T,@
A,e
R,m
O,a
 ,i
A,l
N,.
D,c
R,o
E,m
A,


,e
V,x
I,a
T,m
A,p
L,l
E,e
 ,@
D,e
A,m
N,a
I,i
E,l
L,.
E,c

,o
X,m
I,

A,e
 ,x
J,a
I,m
E,p
 ,l
P,e
A,@
O,e
L,m
O,a
